Vraag,Antwoord
beliebt,populair
das Bundesland,de deelstaat
der Familienname,de achternaam
die Hauptstadt,de hoofdstad
immer,altijd
jedes Jahr,elk jaar
jetzt,nu
schön,mooi
toll,leuk
der Vorname,de voornaam
wichtig,belangrijk
zeigen,laten zien
auch,ook
dürfen,mogen
langweilig,saai
manchmal,soms
oft,vaak
ohne,zonder
der Schüler,de leerling
die Schülerin,de leerlinge
schwierig,moeilijk
weil,omdat
wenn,als
zum Beispiel,bijvoorbeeld
de broer,der Bruder
het kleinkind,der Enkel
"het gezin, de familie",die Familie
de grootouders,die Großeltern
de moeder,die Mutter
de oma,die Oma
de opa,der Opa
de zus,die Schwester
de zoon,der Sohn
de stiefmoeder,die Stiefmutter
de dochter,die Tochter
de vader,der Vater
das Alter,de leeftijd
dort,daar
fahren,"gaan, rijden"
das Geburtsdatum,de geboortedatum
der Geburtsort,de geboorteplaats
häufig,vaak
man,men
die Postleitzahl,de postcode
die Sprache,de taal
stattfinden,plaatsvinden
vor,geleden
der Wohnort,de woonplaats
das Abitur,het vwo-eindexamen
der Erfolg,het succes
das Fahrrad,de fiets
die Freizeit,de vrije tijd
das Klavier,de piano
nah,dichtbij
neugierig,nieuwsgierig
sich freuen auf,zich verheugen op
treffen,ontmoeten
weit,ver
der Traum,de droom
der Zahnarzt,de tandarts
in januari,im Januar
januari,der Januar
februari,der Februar
maart,der März
april,der April
mei,der Mai
juni,der Juni
juli,der Juli
augustus,der August
september,der September
oktober,der Oktober
november,der November
december,der Dezember
ausgeben für,uitgeven aan
aussehen,eruitzien
bekommen,krijgen
brauchen,nodig hebben
die Farbe,de kleur
das Geschenk,het cadeau
es gibt,er is / er zijn
heute,vandaag
die Klamotten,de kleren
Österreich,Oostenrijk
die Schweiz,Zwitserland
das Taschengeld,het zakgeld
dunkel,donker
das Erdgeschoss,de begane grond
erfolgreich,succesvol
der Friseur,de kapper
das Kaufhaus,het warenhuis
die Kleidung,de kleding
der Kunde,de klant
die Marke,het merk
die Möbel,de meubels
der Schmuck,de sieraden
die Sonnenbrille,de zonnebril
täglich,dagelijks
gestreept,gestreift
de handschoen,der Handschuh
het overhemd,das Hemd
de broek,die Hose
de jas,die Jacke
geruit,kariert
de jurk,das Kleid
de trui,der Pullover
de rok,der Rock
de schoen,der Schuh
de laars,der Stiefel
ab,vanaf
aber,maar
einkaufen,winkelen
früher,vroeger
genug,voldoende
das Handy,het mobieltje
die Jugendlichen,de jongeren
lieben,houden van
möglich,mogelijk
die Schulsachen,de schoolspullen
die Seite,de kant
der Urlaub,de vakantie
einfach,gemakkelijk
die Einkaufsstraße,de winkelstraat
etwas,iets
fertig,klaar
der Laden,de winkel
leihen,lenen
nur,(alleen) maar
die Party,het feestje
später,later
trotzdem,toch
wünschen,wensen
zu,te
op maandag,am Montag
maandag,der Montag
dinsdag,der Dienstag
woensdag,der Mittwoch
donderdag,der Donnerstag
vrijdag,der Freitag
zaterdag,der Samstag
zondag,der Sonntag
door de week,unter der Woche
in het weekend,am Wochenende
vorige week,letzte Woche
volgende week,nächste Woche
sich ansehen,kijken naar
bereits,al
leider,helaas
die Mannschaft,het team
sogar,zelfs
die Sportart,de sportsoort
der Sportplatz,het sportveld
das Tor,de goal / het doelpunt
der Traumberuf,het droomberoep
der Verein,de vereniging
die Weltmeisterschaft,het wereldkampioenschap
der Zuschauer,de toeschouwer
anstrengend,inspannend
die Ausrede,het smoesje
das Ergebnis,de uitslag
faul,lui
der Körper,het lichaam
leicht,gemakkelijk
lustig,leuk
der Spaß,het plezier
die Sportnachrichten,het sportnieuws
der Tennisschläger,het tennisracket
vielleicht,misschien
ziemlich,tamelijk
basketballen,Basketball spielen
schaatsen,eislaufen
fietsen,Fahrrad fahren
badmintonnen,Federball spielen
fitnessen,Fitness machen
hockeyen,Hockey spielen
klimmen,klettern
paardrijden,reiten
zwemmen,schwimmen
zeilen,segeln
skiën,Ski fahren
tennissen,Tennis spielen
besuchen,bezoeken
dauern,duren
die Grundschule,de basisschool
das Gymnasium,"het vwo, het gymnasium"
der Kindergarten,de peuterspeelzaal / groep 1 en 2
die Nachhilfe,de bijles
die Note,het cijfer
der Stundenplan,het lesrooster
der Unterricht,de les
verschieden,verschillend
wählen,kiezen
das Zeugnis,het rapport
egal,om het even
erzählen,vertellen
früh,vroeg
krank,ziek
die Laune,de humeur
müde,moe
passieren,gebeuren
das Referat,de spreekbeurt
sondern,maar
der Taschenrechner,de rekenmachine
tauschen,ruilen
die Vokabeln,de woorden
het vak,das Fach
wiskunde,Mathematik
Engels,Englisch
Frans,Französisch
natuurkunde,Physik
scheikunde,Chemie
godsdienst,Religion
geschiedenis,Geschichte
aardrijkskunde,Erdkunde
Spaans,Spanisch
Italiaans,Italienisch
economie,Wirtschaft
damals,toen
das Geschäft,de winkel
insgesamt,in totaal
jedoch,echter
die Marmelade,de jam
das Mehl,de bloem
der Nachtisch,"het dessert, het nagerecht"
der Pfannkuchen,de pannenkoek
sofort,meteen
die Torte,de taart
zubereiten,klaarmaken
der Zucker,de suiker
das Abendessen,het avondeten
das Brötchen,het broodje
das Frühstück,het ontbijt
gemütlich,gezellig
das Getränk,het drankje
die Kartoffel,de aardappel
köstlich,heerlijk
die Küche,de keuken
der Kuchen,het gebak
das Mittagessen,de lunch
die Öffnungszeiten,de openingstijden
wunderschön,prachtig
de braadworst,die Bratwurst
de vis,der Fisch
de fles,die Flasche
de gehaktbal,die Frikadelle
de groente,das Gemüse
de vork,die Gabel
de lepel,der Löffel
het mes,das Messer
het mineraalwater,das Mineralwasser
de pasta,die Nudeln
het sinaasappelsap,der Orangensaft
de rijst,der Reis
der Anfänger,de beginner
das Angebot,de aanbieding
die Anzeige,de advertentie
der Bäcker,de bakker
sich ernähren von,zich voeden met / eten
der Geschirrspüler,de vaatwasser
der Keks,het koekje
kochen,koken
der Konditor,de banketbakker
der Kühlschrank,de koelkast
die Lebensmittel,de levensmiddelen
das Obst,het fruit
aufpassen,opletten
benutzen,gebruiken
die Erdnussbutter,de pindakaas
das Fleisch,het vlees
frisch,vers
der Geschmack,de smaak
die Milch,de melk
der Müll,het afval
die Pflanze,de plant
sonst,anders
wachsen,groeien
die Zutaten,de ingrediënten
het brood,das Brot
de boter,die Butter
de azijn,der Essig
de kaas,der Käse
de noot,die Nuss
de olie,das Öl
de peper,der Pfeffer
de ham,der Schinken
de mosterd,der Senf
zuur,sauer
pittig,scharf
zoet,süß
der Alltag,het dagelijks leven
die Art,het soort
der Auftritt,het optreden
außer,behalve
die Brücke,de brug
herstellen,produceren
die Kirche,de kerk
klappen,lukken
proben,oefenen
die Stimme,de stem
taub,doof
vorne,vooraan
also,dus
die Bühne,het podium
erklären,uitleggen
erreichen,bereiken
die Geschichte,het verhaal
das Herz,het hart
meistens,meestal
nie,nooit
reichen,voldoende zijn
der Streit,de ruzie
versuchen,proberen
zu Hause,thuis
uitslapen,ausschlafen
luieren,faulenzen
tv-kijken,fernsehen
met vrienden afspreken,sich mit Freunden treffen
spelletjes op de telefoon spelen,auf dem Handy Spiele spielen
op internet surfen,im Internet surfen
naar muziek / de radio luisteren,Musik / Radio hören
slagwerk spelen,Schlagzeug spielen
winkelen,shoppen gehen
aan sport doen,Sport treiben
telefoneren,telefonieren
naar video’s / films kijken,Videos / Filme gucken
das Gebäude,het gebouw
die Großstadt,de grote stad
die Lösung,de oplossing
mieten,huren
der Nachteil,het nadeel
der Quadratmeter,de vierkante meter
selbstständig,zelfstandig
die Steuer,de belasting
die Umwelt,het milieu
vor allem,vooral
der Vorteil,het voordeel
die Wohnung,het appartement
der Anfang,het begin
außerdem,bovendien
draußen,buiten
im Fernsehen,op tv
mittlerweile,inmiddels
der Nachbar,de buurman
nachfragen,informeren
schlimm,erg
schmutzig,vies
tatsächlich,"werkelijk, echt"
umziehen,verhuizen
eine Weile,een poosje
oud,alt
ouderwets,altmodisch
donker,dunkel
"gezellig, knus",gemütlich
groot,groß
lelijk,hässlich
licht,hell
hoog,hoch
modern,modern
nieuw,neu
laag,niedrig
mooi,schön
das Ausland,het buitenland
bestimmt,beslist
deswegen,daarom
ein Drittel,een derde
das Erlebnis,de belevenis
die Fremdsprache,de vreemde taal
gehören zu,behoren tot
der Grund,de reden
Lust haben auf,zin hebben in
die Muttersprache,de moedertaal
nirgendwo,nergens
ein Viertel,een kwart
ärgerlich,vervelend
bis,tot
die Grenze,de grens
jährlich,jaarlijks
die Leute,de mensen
das Mal,de keer
das Meer,de zee
sauber,schoon
schützen vor,beschermen tegen
der See,het meer
die Veranstaltung,het evenement
werfen,gooien
België,Belgien
Denemarken,Dänemark
Frankrijk,Frankreich
Griekenland,Griechenland
Groot-Brittannië,Großbritannien
Italië,Italien
Kroatië,Kroatien
Nederland,die Niederlande
Spanje,Spanien
Turkije,die Türkei
Hongarije,Ungarn
Verenigde Staten,die USA
anrufen,opbellen
ausfüllen,invullen
im Durchschnitt,gemiddeld
ernst nehmen,serieus nemen
erwachsen,volwassen
die Fahrt,de rit
feiern,"feesten, vieren"
der Führerschein,het rijbewijs
gebraucht,tweedehands
die öffentlichen Verkehrsmittel,het openbaar vervoer
das Rad,het wiel
der Stau,de file
das Abenteuer,het avontuur
der Ausflug,het uitstapje
entfernt,vandaan
das Gepäck,de bagage
die Haltestelle,de halte
die Sehenswürdigkeit,de bezienswaardigheid
der Spaziergang,de wandeling
umsteigen,overstappen
der Unfall,het ongeluk
verfügen über,beschikken over
die Verspätung,de vertraging
die Welt,de wereld
uitstappen,aussteigen
de auto,das Auto
het station,der Bahnhof
de bus,der Bus
instappen,einsteigen
het vliegveld,der Flughafen
het vliegtuig,das Flugzeug
lopend,zu Fuß
het schip,das Schiff
de tram,die Straßenbahn
de metro,die U-Bahn
de trein,der Zug
ebenfalls,"ook, tevens, eveneens"
der Einfluss,de invloed
die Erholung,de ontspanning
der Felsen,de rots
flach,vlak
hügelig,heuvelachtig
die Insel,het eiland
die Küste,de kust
in der Nähe,in de buurt
der Wald,het bos
weich,zacht
zwischen,tussen
außerdem,bovendien
bestätigen,bevestigen
buchen,boeken
das Fenster,het raam
kaum,nauwelijks
der Prospekt,de folder
die Sachen,de spullen
schicken,sturen
vergessen,vergeten
vermieten,verhuren
der Vertrag,het contract
vor kurzem,kort geleden
de pinpas,die EC-Karte
de gevonden voorwerpen,die Fundsachen
de handdoek,das Handtuch
het mobieltje,das Handy
het luchtbed,die Luftmatratze
het paspoort,der Reisepass
de reistas,die Reisetasche
de slaapzak,der Schlafsack
de zonnebril,die Sonnenbrille
de zonnebrandcrème,die Sonnencreme
de parasol,der Sonnenschirm
het zakmes,das Taschenmesser
die Ausnahme,de uitzondering
bestimmt,"zeker, beslist"
insgesamt,in totaal
jährlich,jaarlijks
sich kümmern um,zorgen voor
laut,"hard, hardop"
die Mauer,de muur
schlimm,erg
schützen vor,beschermen tegen
die Sehenswürdigkeit,de bezienswaardigheid
winzig,piepklein
ziemlich,tamelijk
das Alter,de leeftijd
das Bundesland,de deelstaat
durchschnittlich,gemiddeld
ehrgeizig,ambitieus
erlauben,toestaan
ersetzen,vervangen
fordern,eisen
schade,jammer
der Streit,de ruzie
üblich,"gebruikelijk, gewoon"
die Umfrage,de enquete
der Vorschlag,het voorstel
Iets uit het hoofd leren,etwas auswendig lernen
de opdracht begrijpen,die Aufgabe verstehen
een zin vertalen,einen Satz übersetzen
een fout maken,einen Fehler machen
de formule in het schrift schrijven,die Formel ins Heft schreiben
een vreemde taal leren,eine Fremdsprache lernen
huiswerk maken,Hausaufgaben machen
een proefwerk maken,eine Klassenarbeit schreiben
bijles krijgen,Nachhilfe bekommen
het rapport krijgen,das Zeugnis bekommen
de oefening uitleggen,die Übung erklären
de woorden leren,die Vokabeln lernen
der Abfall,het afval
achten auf,letten op
das Gemüse,de groente
sich gewöhnen an,wennen aan
die Mülltonne,de vuilnisbak
das Obst,het fruit
sauber,schoon
trennen,scheiden
überprüfen,controleren
die Umwelt,het milieu
verstecken,verstoppen
verwenden,gebruiken
wegwerfen,weggooien
begeistert von,enthousiast over
der Boden,de grond
erhalten,"krijgen, ontvangen"
fehlen,ontbreken
die Hoffnung,de hoop
das Mitglied,het lid
sauer,zuur
das Thema,het onderwerp
traumhaft,fantastisch
der Umweltschutz,de milieubescherming
der Unterschied,het verschil
unterstützen,ondersteunen
de berg,der Berg
de bloem,die Blume
de rivier,der Fluss
het eiland,die Insel
de zee,das Meer
de natuur,die Natur
de plant,die Pflanze
het meer,der See
de zon,die Sonne
het bos,der Wald
het weiland,die Wiese
besonders,bijzonder
bevor,voordat
hässlich,lelijk
der Hersteller,de producent
jetzt,nu
nervig,irritant
die Papiertüte,het papieren zakje
riesig,reusachtig
stundenlang,urenlang
der Versuch,"de poging, het experiment"
vorschlagen,voorstellen
der Wissenschaftler,de wetenschapper
allerdings,echter
bald,"gauw, binnenkort"
beschäftigt sein mit,bezig zijn met
entfernt,"vandaan, verwijderd"
ganz,"helemaal, heel"
genau,precies
irgendwo,ergens
nachher,daarna
sicher,veilig
spazieren gehen,wandelen
vergeblich,tevergeefs
das Verhalten,het gedrag
de vacht,das Fell
het voer,das Futter
de hamster,der Hamster
het huisdier,das Haustier
de kooi,der Käfig
het konijn,das Kaninchen
de poes,die Katze
de cavia,das Meerschweinchen
het paard,das Pferd
de dierenarts,der Tierarzt
de vogel,der Vogel
de dierentuin,der Zoo
benötigen,nodig hebben
deshalb,daarom
die Erkältung,de verkoudheid
die Ernährung,de voeding
die Kälte,de kou
der Körper,het lichaam
die Krankheit,de ziekte
die Menge,"de hoeveelheid, het aantal"
oben,boven
Recht haben,gelijk hebben
übersetzen,vertalen
verzichten auf,afzien van
zunächst,eerst
bereits,al
denn,want
dennoch,"toch, echter"
jedoch,echter
obwohl,hoewel
quer,dwars
schwach,zwak
sterben,"overlijden, sterven"
der Termin,de afspraak
verschieben,"verschuiven, verzetten"
wunderbar,heerlijk
zum Beispiel,bijvoorbeeld
het oog,das Auge
de buik,der Bauch
het been,das Bein
de voet,der Fuß
"de keel, de hals",der Hals
de hand,die Hand
het hoofd,der Kopf
de billen,der Hintern
de rug,der Rücken
de tand,der Zahn
bisher,tot nu toe
dazugehören,erbij horen
das Feuer,het vuur
die Freude,"het plezier, de vreugde"
gleich,"zo, straks, meteen"
das Glück,het geluk
heiß,heet
das Loch,"het gaatje, het gat"
oft,vaak
die Süßigkeiten,de snoep
der Teufel,de duivel
unterschiedlich,verschillend
sich ausruhen,uitrusten
die Bescherung,de pakjesavond
die Dose,"het blikje, de koektrommel"
glänzen,"glimmen, glinsteren"
der Lebkuchen,(een soort) taaitaai
losgehen,"beginnen, van start gaan"
das Plätzchen,het koekje
riechen,ruiken
das Spielzeug,het speelgoed
witzig,grappig
der Wunschzettel,het verlanglijstje
die Zukunft,de toekomst
het kindje Jesus,das Christkind
de feestdag,der Feiertag
de verjaardag,der Geburtstag
kerstavond,der Heiligabend
de bruiloft,die Hochzeit
nieuwjaarsdag,der Neujahrstag
Sinterklaas,der Nikolaus
Pasen,Ostern
carnavalsmaandag,der Rosenmontag
oudejaarsdag,das / der Silvester
Kerstmis,das Weihnachten
het Suikerfeest,das Zuckerfest
die Aussicht,het uitzicht
die Börse,de beurs
das Denkmal,het monument
einfach,makkelijk
der Einwohner,de inwoner
ehrenamtlich arbeiten,vrijwilligerswerk doen
der Flughafen,de luchthaven
das Hochhaus,het flatgebouw
der Marktplatz,het marktplein
das Rathaus,het stadhuis
spenden,"doneren, schenken"
der Wolkenkratzer,de wolkenkrabber
der Alltag,het dagelijks leven
sich ändern,veranderen
bislang,tot nu toe
dreckig,vies
genervt,geïrriteerd
hoffentlich,hopelijk
lebenswert,waard om in te leven
die Luft,de lucht
notwendig,noodzakelijk
sogar,zelfs
verschmutzen,vervuilen
das Viertel,de wijk
de apotheek,die Apotheke
de bakkerij,die Bäckerei
de bank,die Bank
het café,das Café
het winkelcentrum,das Einkaufszentrum
het centraal station,der Hauptbahnhof
de bioscoop,das Kino
het museum,das Museum
het politiebureau,die Polizeiwache
de supermarkt,der Supermarkt
de schouwburg,das Theater
het VVV-kantoor,die Touristeninformation
drinnen,binnen
der Feind,de vijand
das Geräusch,het geluid
der Karton,de doos
das Klo,de wc
pennen,slapen
schlau,slim
sobald,zodra
verhindern,"vermijden, voorkomen"
wach,wakker
die Wand,de muur
das Zimmer,de kamer
bequem,"gemakkelijk, comfortabel"
die Ecke,de hoek
einziehen,verhuizen naar
knapp,"schaars, krap"
der Kunde,de klant
das Mietshaus,het huurhuis
praktisch,handig
der Rabatt,de korting
der Raum,"het vertrek, de ruimte"
trotz,ondanks
umziehen,verhuizen
die Werbung,de reclame
de boekenkast,der Bücherschrank
het raam,das Fenster
de vloer,der Fußboden
het gordijn,die Gardine
het krukje,der Hocker
het kussen,das Kissen
de lamp,die Lampe
het bureau,der Schreibtisch
"de luie stoel, fauteuil",der Sessel
de bank,das Sofa
de stoel,der Stuhl
het vloerkleed,der Teppich
beraten,raad geven
die Geschichte,het verhaal
häufig,vaak
heutzutage,tegenwoordig
das Jahrhundert,de eeuw
mal,eens
das Märchen,het sprookje
nach wie vor,nog steeds
schauen,"kijken, zien"
der Schriftsteller,de schrijver
vollständig,volledig
die Zeitung,de krant
zerstören,"vernielen, verwoesten"
beschließen,besluiten
die Entscheidung,de beslissing
der Fehler,"de fout, de vergissing"
da,omdat
der Grund,de reden
irgendwie,op de een of andere manier
nah,dichtbij
niemals,nooit
pünktlich,"precies, op tijd"
die Rache,de wraak
während,"terwijl, tijdens"
das Ziel,"het doel, de finish"
indrukwekkend,beeindruckend
aan te bevelen,empfehlenswert
"ernstig, serieus",ernst
boeiend,fesselnd
kitscherig,kitschig
saai,langweilig
vrolijk,lustig
de moeite waard,sehenswert
eng,unheimlich
vermakelijk,unterhaltsam
prachtig,wunderschön
angeblich,naar men zegt
die Auffassung,de opvatting
die Burg,de burcht
das Gebäude,het gebouw
irgendwas,"iets, wat dan ook"
der Künstler,de kunstenaar
die Lage,de ligging
nirgendwo,nergens
der Ort,de plaats
die Vergangenheit,het verleden
das Wahrzeichen,het symbool
zwar,weliswaar
als,toen
arbeitslos,werkloos
aufregend,opwindend
die Ausstellung,de tentoonstelling
die Folge,de aflevering
irgendwann,"ooit, op een gegeven ogenblik"
jemals,"ooit, weleens"
leer,leeg
monatlich,maandelijks
stolz sein auf,trots zijn op
veröffentlichen,publiceren
die Zeichnung,de tekening
ambitieus,ehrgeizig
lui,faul
vlijtig,fleißig
vriendelijk,freundlich
vrolijk,fröhlich
gehumeurd,gelaunt
hulpvaardig,hilfsbereit
"grillig, nukkig",launisch
nieuwsgierig,neugierig
rustig,ruhig
slordig,schlampig
verlegen,schüchtern
der Aufzug,de lift
der Ausblick,het uitzicht
außerhalb,buiten
brauchen,nodig hebben
die Empfehlung,de aanbeveling
die Enttäuschung,de teleurstelling
der Fortschritt,de vooruitgang
die Herausforderung,de uitdaging
überzeugen,overtuigen
zur Verfügung stehen,ter beschikking staan
verpassen,missen
weltweit,wereldwijd
beeindruckend,indrukwekkend
billig,goedkoop
einladen,"uitnodigen, trakteren"
erfolgreich,succesvol
forschen,onderzoeken
führen,leiden
das Gerät,het apparaat
gründen,"oprichten, vestigen"
schaffen,"voor elkaar krijgen, realiseren"
der Schritt,de stap
sich etwas überlegen,over iets nadenken
verschwinden,verdwijnen
de advocaat,der Anwalt
de apotheker,der Apotheker
de architekt,der Architekt
de onderzoeker,die Forscherin
de leraar,die Lehrerin
de werktuigbouwkundig ingenieur.,der Maschinenbauingenieur
de politieagent,die Polizistin
de psycholoog,der Psychologe
de rechter,die Richterin
de acteur,der Schauspieler
de schrijver,der Schriftsteller
de vertaler,der Übersetzer
ansonsten,verder
anstrengend,inspannend
die Ausrede,het smoesje
die Baustelle,het bouwterrein
sich beschweren über,klagen over
die Eisenbahn,"de trein, het spoor"
die Feuerwehr,de brandweer
die Leistung,de prestatie
offenbar,blijkbaar
übermorgen,overmorgen
überraschen,verrassen
zurzeit,"nu, op dit moment"
ausschalten,uitschakelen
der Betrieb,het bedrijf
deswegen,daarom
einschalten,inschakelen
entscheiden,beslissen
eröffnen,openen
die Führung,de rondleiding
das Geschäft,"de winkel, de zaak"
gespannt sein auf,benieuwd zijn naar
die Nachrichten,het nieuws
speichern,opslaan
zum Schluss,tot slot
communicatief,kommunikativ
creatief,kreativ
klantgericht,kundenorientiert
gemotiveerd,motiviert
muzikaal,musikalisch
aardig,nett
netjes,ordentlich
punctueel,pünktlich
sportief,sportlich
technisch aangelegd zijn,technisch begabt
van dieren houden,tierliebend
betrouwbaar,zuverlässig
anstreben,nastreven
der Beteiligte,de deelnemer
durchschnittlich,gemiddeld
erhalten,verkrijgen
führen,leiden
der Gegensatz,de tegenstelling
gestalten,vormgeven
gestehen,bekennen
immerhin,desondanks
manchmal,soms
der Passant,de voorbijganger
prägen,vormen
der Rahmen,het kader
täglich,dagelijks
vielleicht,misschien
anregen,aansporen
außerdem,bovendien
beispielsweise,bijvoorbeeld
sich bewerben um,solliciteren naar
erleben,meemaken
fündig werden,iets vinden
je nachdem,naar gelang
kapieren,snappen
schaffen,lukken
schwänzen,spijbelen
sich streiten,ruzie maken
sich überlegen,nadenken
verdauen,verteren
verpassen,missen
vielfältig,veelzijdig
de held,der Held
de relatie,die Beziehung
de vriendengroep,die Clique
de vriendschap,die Freundschaft
dik,dick
gespierd,muskulös
het lichaam,der Körper
slank,schlank
enthousiast,begeistert
gepassioneerd,leidenschaftlich
teleurgesteld,enttäuscht
uitbundig,stürmisch
verdrietig,traurig
verontwaardigd,empört
woedend,wütend
sich mit beschäftigen,zich bezighouden met
die Beziehung,de relatie
brauchen,nodig hebben
das Ereignis,de gebeurtenis
gründen,oprichten
heiraten,trouwen
die Leidenschaft,de passie
schützen,beschermen
stattdessen,in plaats daarvan
verbringen,doorbrengen
während,terwijl
sich wandeln,veranderen
wichtig,belangrijk
zeigen,laten zien
die Zukunft,de toekomst
das Aussehen,het uiterlijk
bezeichnen,aanduiden
einfach,gewoon
der Fehler,de fout
häufig,vaak
die Hoffnung,de hoop
irgendetwas,iets
die Leistung,de prestatie
der Schritt,de stap
schwierig,moeilijk
ständig,voortdurend
stimmen,kloppen
verschwinden,verdwijnen
versuchen,proberen
die Wahl,de keuze
bellen,anrufen
het mobieltje,das Handy
praten,sich unterhalten
soms,manchmal
beroemd,berühmt
de film,der Film - die Filme
in,im Trend
het karakter,der Charakter
ontmoeten,treffen
populair,beliebt
de prestatie,die Leistung
de toekomst,die Zukunft
trouwen,heiraten
uniek,einzigartig
waarderen,schätzen
der Absatz,de alinea
betonen,benadrukken
"in Bezug, auf",met betrekking tot
einzeln,afzonderlijk
die Ergänzung,de aanvulling
das Ergebnis,"het resultaat, de uitkomst"
es gibt,er is
hervorgehen aus,blijken uit
jeweils,telkens
die Lücke,het open gat
der Satz,de zin
die Schlussfolgerung,de conclusie
sondern,maar
unterschiedlich,verschillend
üblich,gebruikelijk
die Anlage,de installatie
der Gegenstand,het voorwerp
die Genehmigung,de goedkeuring
herstellen,produceren
das Klo,de wc
die Küche,de keuken
der Kunde,de klant
die Menge,de grote hoeveelheid
der Müll,het afval
der Rohstoff,de grondstof
der Teppich,het tapijt
trennen,scheiden
die Tüte,het zakje
verwenden,gebruiken
wiederverwerten,recyclen
ausstatten,inrichten
das Dachgeschoss,de zolder
die Daten,de gegevens
die Gier,de hebzucht
das Herz,het hart
heutzutage,tegenwoordig
die Kaution,de borg
mieten,huren
das Mitglied,het lid
die Nähe,de buurt
nutzen,gebruiken
der Quadratmeter,de vierkante meter
tauschen,ruilen
die Vereinbarung,de overeenkomst
die Wand,de muur
het balkon,der Balkon
de begane grond,das Erdgeschoss
het behang,die Tapete
het dak,das Dach
de gang,der Flur
de kelder,der Keller
de keuken,die Küche
de lift,der Aufzug
het plafond,die Decke
het raam,das Fenster
de verdieping,das Stockwerk
de flat,das Hochhaus
de kale huur,die Kaltmiete
de bijkomende kosten,die Nebenkosten
verhuizen,umziehen
auf die Probe stellen,op de proef stellen
aufregend,opwindend
ausgeprägt,uitgesproken
der Bereich,het gebied
sich ekeln vor,walgen van
der Hinweis,de aanwijzing
komisch,vreemd
schmerzfrei,zonder pijn
selbstverständlich,vanzelfsprekend
ständig,voortdurend
die Strecke,de afstand
vernünftig,verstandig
winzig,klein
zerstören,verwoesten
ziemlich,behoorlijk
anmachen,versieren
auffordern,eisen van
die Aufmerksamkeit,de aandacht
die Bedingung,de voorwaarde
Bescheid wissen,op de hoogte zijn
bewahren vor,behoeden voor
die Erlaubnis,de toestemming
die Gesellschaft,de maatschappij
herablassend,neerbuigend
lenken,sturen
neulich,kortgeleden
spenden,doneren
schwärmen für,gek zijn op
verfügen über,beschikken over
die Wahl,de keuze
ambitieus,ehrgeizig
argwanend,misstrauisch
attent,aufmerksam
behulpzaam,hilfsbereit
beleefd,höflich
betrouwbaar,zuverlässig
eerlijk,ehrlich
grappig,witzig
jaloers,eifersüchtig
lui,faul
vastbesloten,entschlossen
verlegen,schüchtern
verwaand,eingebildet
vol begrip,verständnisvoll
aber,maar
als,toen
die Begründung,de motivering
die Bestätigung,de bevestiging
eher,eerder
entsprechen,overeenkomen met
etwa,ongeveer
sich herausstellen,blijken
jedoch,echter
meinen,bedoelen
sogar,zelfs
die Steigerung,de versterking
trotzdem,toch
weil,omdat
zudem,bovendien
berücksichtigen,rekening houden met
das Dreieck,de driehoek
sich ernähren,zich voeden
eröffnen,openen
der Geschmack,de smaak
das Getreideprodukt,het graanproduct
die Herausforderung,de uitdaging
der Hersteller,de producent
die Landwirtschaft,de landbouw
neidisch,jaloers
die Scheibe,de schijf
der Schinken,de ham
vorschlagen,voorstellen
der Zimt,het kaneel
die Zutaten,de ingrediënten
sich ausdenken,bedenken
ausgezeichnet,uitstekend
die Auswahl,de keuze
sich begegnen,ontmoeten elkaar
die Beilage,het bijgerecht
nach Belieben,naar wens
bereits,al
die Bewertung,de beoordeling
der Eintopf,de stamppot
gar nicht,helemaal niet
gespannt,benieuwd
die Speisen,het gerechten
der Teller,het bord
der Topf,de pan
das Verzeichnis,het register
de asperge,der Spargel
doorbakken,durchgebraten
frituren,frittieren
de kalkoen,das Putenfleisch
kruiden,würzen
de paddenstoel,der Pilz
de peen,die Möhre
de pinda,die Erdnuss
rauw,roh
"saus, de",die Soße
smaken,schmecken
de spinazie,der Spinat
de spruitjes,der Rosenkohl
de tonijn,der Thunfisch
de zeevruchten,die Meeresfrüchte
die Arznei,het geneesmiddel
die Beschwerde,de klacht
bequem,comfortabel
drohen,dreigen
der Fakt,het feit
der Fragebogen,het vragenformulier
das Gelenk,het gewricht
das Gerät,het apparaat
die Geschwindigkeit,de snelheid
die Heilung,de genezing
hervorrufen,teweegbrengen
selten,zeldzaam
die Senkung,de daling
vermitteln,overbrengen
zuständig,bevoegd
der Angehörige,het familielid
aufklären,informeren
der Ausweis,het legitimatiebewijs
entfernen,verwijderen
die Entzündung,de ontsteking
sich erholen,zich ontspannen
fürchten,vrezen
fehlen,ontbreken
die Gebühren,de kosten
der Grund,de reden
knapp,krap
die Krankenkasse,de zorgverzekeraar
prüfen,controleren
rasch,snel
reibungslos,zonder problemen
de enkel,der Knöchel
het gewricht,das Gelenk
de koorts,das Fieber
het koud hebben,frieren
het medicijn,das Medikament
de ontsteking,die Entzündung
overgeven,sich erbrechen
de pijn,die Schmerzen
rillen,zittern
de schouder,die Schulter
slikken,schlucken
de spier,der Muskel
kou vatten,"erkälten, sich"
verdwijnen,verschwinden
het voorhoofd,die Stirn
ähnlich,gelijk
angeblich,naar men zegt
die Begeisterung,het enthousiasme
beobachten,waarnemen
darüber hinaus,bovendien
entgegen,tegemoet
erstaunt,verbaasd
die Folge,het gevolg
fragwürdig,twijfelachtig
indem,doordat
nebensächlich,onbeduidend
unbedingt,absoluut
zugleich,tegelijkertijd
zusätzlich,extra
zwar,weliswaar
belegen,bewijzen
der Einzelhandel,de detailhandel
erneuerbar,duurzaam
der Feierabend,de vrije tijd na het werk
die Forschung,het onderzoek
der Fortschritt,de vooruitgang
das Gehalt,het salaris
die Gewerkschaft,de vakbond
offensichtlich,blijkbaar
schwanken,schommelen
sparen,bezuinigen
die Umwelt,het milieu
verschmutzen,vervuilen
verschwenden,verspillen
die Wirtschaft,de economie
absichtlich,opzettelijk
ausziehen,verhuizen
beraten,adviseren
betreuen,begeleiden
die Entscheidung,de beslissing
die Erkenntnis,het inzicht
fähig,bekwaam
klar,duidelijk
sich leisten,zich veroorloven
nachhaltig,blijvend
sicher,veilig
die Unterlagen,de documenten
verführen,verleiden
verwalten,beheren
zuverlässig,betrouwbaar
de bankrekening,das Konto
de bestelling,die Bestellung
de bon,der Kassenzettel
goedkoop,preisgünstig
inkopen,einkaufen
de kleding,die Klamotten
de korting,der Rabatt
de winkel,das Geschäft
de levering,die Lieferung
omruilen,umtauschen
rondkomen van,auskommen mit
het salaris,das Gehalt
terugsturen,zurücksenden
zich veroorloven,sich leisten
verkwisten,verschwenden
ablehnen,afwijzen
der Anzug,het kostuum
der Aufenthalt,het verblijf
ausbilden,opleiden
das Geschirr,het servies
heiter,opgewekt
der Kommilitone,de studiegenoot
der Nachwuchs,de komende generatie
die Quelle,de bron
der Stellenmarkt,de vacaturebank
die Theke,de bar
treten,trappen
sich unterhalten,praten
verwirklichen,realiseren
zielen,richten
achten auf,letten op
die Anforderungen,de eisen
ausfüllen,invullen
ausüben,uitoefenen
bar,contant
erlauben,toestaan
gefährden,in gevaar brengen
das Lager,het magazijn
mittlerweile,ondertussen
die Nachhilfe,de bijles
Regale auffüllen,vakken vullen
sicherstellen,waarborgen
das Trinkgeld,de fooi
die Zeitarbeit,het tijdelijk werk
zurzeit,op dit ogenblik
de deeltijdbaan,die Teilzeitstelle
de voltijdbaan,die Vollzeitstelle
de werkgever,der Arbeitgeber
de werknemer,der Arbeitnehmer
werkzaam,tätig
solliciteren naar,sich bewerben um
het cv,der Lebenslauf
de bijlage (bij e-mail),der Anhang
de opleiding,die Ausbildung
de stage,das Praktikum
hartstochtelijk,leidenschaftlich
hulpvaardig,hilfsbereit
ijverig,fleißig
prestatiegericht,leistungsorientiert
nauwkeurig,gewissenhaft
die Angaben,de gegevens
sich auskennen,bekend zijn met
besonders,vooral
bis zu,tot aan
dazu,bovendien
ehrenamtlich,vrijwillig
einheitlich,uniform
gemeinsam,samen
in erster Linie,op de eerste plaats
offenbar,blijkbaar
scheitern,mislukken
übereinstimmen,overeenkomen
veranstalten,organiseren
der Verband,de vereniging
sich verhalten zu,zich verhouden tot
der Zweck,het doel
abhauen,ervandoor gaan
die Ablenkung,de afleiding
anstrengend,inspannend
die Ausrede,het smoesje
barfuß,op blote voeten
einzigartig,uniek
der Felsen,de rots
der Gipfel,de top
klettern,klimmen
locker,ontspannen
der Reiz,de prikkel
das Schicksal,het lot
das Seil,het touw
süchtig nach,verslaafd aan
sich trauen,durven
besiedeln,bevolken
ehrgeizig,ambitieus
die Einnahmen,de inkomsten
eintreffen,aankomen
erkunden,verkennen
finster,donker
gewachsen sein,opgewassen zijn tegen
herausragend,uitstekend
das Jahrhundert,de eeuw
langfristig,op de lange termijn
das Meer,de zee
notwendig,noodzakelijk
reichen,voldoende zijn
sonstig,overig
das Vorhaben,het plan
het avontuur,das Abenteuer
bang zijn,sich fürchten vor
beleven,erleben
het bos,der Wald
de heuvel,der Hügel
in de buurt,in der Nähe
kamperen,zelten
het meer,der See
de mist,der Nebel
saai,langweilig
de steek,die Gegend
verdwalen,sich verlaufen
de wandeling,der Spaziergang
de weg kennen,sich auskennen
zin hebben,Bock haben
die Absicht,de bedoeling
die Art,de soort
ausgefallen,apart
beliebt,populair
bevorzugen,de voorkeur geven aan
die Entfernung,de afstand
eng,nauw
faulenzen,luieren
gelaunt,gehumeurd
der Inhaber,de eigenaar
die Röhre,de buis
der Sarg,de doodskist
der Stau,de file
die Unterkunft,het verblijf
verrückt,gek
allerhand,allerlei
ausschalten,uitschakelen
die Behinderung,de handicap
sich einprägen,zich inprenten
erforderlich,noodzakelijk
erwischen,te pakken krijgen
der Flugbegleiter,de steward
der Gegner,de tegenstander
gesamt,geheel
der Gurt,de gordel
kennzeichnen,kenmerken
die Maut,de tol
die Redensart,de uitdrukking
die Steuern,de belastingen
die Taste,de toets
ziehen,trekken
zögern,aarzelen
de airco,die Klimaanlage
de all-in-reis,die Pauschalreise
boeken,buchen
het draadloos internet,das WLAN
de folder,der Prospekt
de heenreis,die Hinfahrt
inchecken,einchecken
inclusief,im Preis enthalten
het oordopje,der Ohrstöpsel
ruim,geräumig
de touroperator,der Reiseveranstalter
de tweepersoonskamer,das Doppelzimmer
het verblijf,die Unterkunft
vertrekken,abreisen
het volpension,die Vollpension
anzeigen,aankondigen
bevor,voordat
deswegen,daarom
erklären,uitleggen
insgesamt,in totaal
jedenfalls,in ieder geval
keineswegs,geenszins
eben,nu eenmaal
die Pauschalreise,all-in-reis
schließlich,tenslotte
die Tafel,het bord
die Umfrage,de enquête
der Veranstalter,de organisator
versprechen,beloven
vorziehen,de voorkeur geven aan
ähnlich,vergelijkbaar
allerdings,echter
aufklären,voorlichten
ausschalten,uitzetten
sich beschäftigen mit,zich bezighouden met
betrachten,beschouwen
damals,toen
die Entscheidung,de beslissing
gründen,oprichten
grundsätzlich,in principe
handfest,concreet
nachgeben,toegeven
offenbar,blijkbaar
im Schnitt,gemiddeld
sich überlegen,nadenken
die Umfrage,de enquête
vernichten,vernietigen
verstecken,verstoppen
anstrengend,vermoeiend
der Auftrag,de opdracht
die Ausdauer,het uithuidingsvermogen
ausreichend,voldoende
beachten,letten op
bevorzugen,de voorkeur geven aan
die Erlaubnis,de toestemming
Der Fakt,het feit
sich fürchten vor,vrezen voor
hervorheben,benadrukken
Der Ruf,de reputatie
schätzen,waarderen
schlicht,eenvoudig
schließlich,ten slotte
üblich,gebruikelijk
umziehen,verhuizen
verletzen,kwetsen
die Voraussetzung,de voorwaarde
beschermen,schützen
het doel,der Zweck
het gebied,der Bereich
in gevaar brengen,gefährden
zich inzetten,sich engagieren
de maatschappij,die Gesellschaft
onbegrijpelijk,unverständlich
onderwijzen,unterrichten
organiseren,organisieren
overdrijven,übertreiben
de overtuiging,die Überzeugung
de spelling,die Rechtschreibung
succesvol,erfolgreich
de taal,die Sprache
verbeteren,verbessern
aussetzen,blootstellen aan
begeistert,enthousiast
der Bereich,het gebied
die Beziehung,de relatie
die Enttäuschung,de teleurstelling
die Faulheit,de luiheid
irgendein,een of ander
nutzen,gebruiken
schaffen,lukken
schlimm,erg
schützen,beschermen
die Sehnsucht,het verlangen
ständig,voortdurend
der Termin,de afspraak
das Verhalten,het gedrag
der Vorgesetzte,de leidinggevende
zeigen,laten zien
das Ziel,het doel
aufgeregt,opgewonden
ausgleichen,compenseren
die Behinderung,de handicap
beobachten,observeren
bestimmen,bepalen
das Defizit,het tekort
die Distanz,de afstand
egal,om het even
entsprechen,overeenkomen met
der Gipfel,de top
die Grube,de kuil
hochladen,uploaden
die Nachbarschaft,de buurt
öffentlich,openbaar
verfügen über,beschikken over
die Werbung,de reclame
witzig,grappig
ziehen,trekken
de advertentie,die Anzeige
het begrip,das Verständnis
belangrijk,wichtig
het cijfer,die Zensur
doorbrengen,verbringen
de foto,das Bild
de gedachte,der Gedanke
het geluk,das Glück
de passie,die Leidenschaft
het plan,der Plan
praten,reden
het resultaat,das Ergebnis
de toekomst,die Zukunft
zich interesseren voor,sich interessieren für
zich verheugen op,sich freuen auf
bezeichnen,kenmerken
beziehungsweise,respectievelijk
einfach,gewoon
die Einschränkung,de beperking
die Ergänzung,de aanvulling
innerhalb,binnen
die Leistung,de prestatie
manchmal,soms
die Praxis,de praktijk
der Schritt,de stap
seit jeher,altijd al
stattdessen,in plaats daarvan
die Steigerung,de versterking
trotzdem,toch
der Vorwurf,het verwijt
das Alter,de leeftijd
"das Aufsehen, erregen",opzien baren
der Blickwinkel,het perspectief
brauchen,nodig hebben
der Kindergarten,de kleuterschool
kürzlich,onlangs
plädieren,pleiten
prägen,kenmerken
die Prüfung,het examen
die Schulpflicht,de leerplicht
spendieren,trakteren
tauschen,ruilen
überprüfen,controleren
das Unternehmen,het bedrijf
unterrichten,onderwijzen
verfassen,schrijven
widersprechen,tegenspreken
das Allgemeinwissen,de algemene kennis
der Alltag,het alledaagse leven
der Anzug,het pak
die Auszeit,de korte onderbreking
beliebt,populair
beten,bidden
bevor,voordat
die Führung,de leiding
etwas halten für,vinden
der Haushalt,het huishouden
loben,prijzen
reizen,prikkelen
scheitern,mislukken
staunen,zich verbazen
sich unterhalten,praten
die Verabredung,de afspraak
während,terwijl
ziemlich,tamelijk
de afkeer,die Abneigung
beloven,versprechen
het cijfer,die Note
de economie,die Wirtschaft
de gezichtsuitdrukking,der Gesichtsausdruck
hetzelfde,gleichfalls
het hoorcollege,die Vorlesung
de nadruk,der Schwerpunkt
de opleiding,die Ausbildung
het vak,das Fach
de studieplaats,der Studienplatz
de taalkennis,die Sprachkenntnisse
uitoefenen,ausüben
de verbazing,das Erstaunen
lastig,schwierig
die Absicht,de bedoeling
bestätigen,bevestigen
das Ergebnis,het resultaat
die Erziehung,de opvoeding
das Fazit,de conclusie
fehlen,ontbreken
der Flur,de gang
die Gedenkstätte,de gedenkplaats
die Gesamtschule,de scholengemeenschap
sich kümmern um,zorgen voor
die Laune,het humeur
lösen,oplossen
die Oberstufe,de bovenbouw
der Reiz,de aantrekkingskracht
schlechthin,gewoonweg
der Seitensprung,het vreemdgaan
die Umwelt,het milieu
die Vernunft,het verstand
angesagt,populair
anwenden,gebruiken
der Aufenthalt,het verblijf
auswerten,evalueren
bereits,al
fordern,eisen
hemmen,remmen
die Herausforderung,de uitdaging
insgesamt,in totaal
die Kita,het kinderdagverblijf
laut,volgens
die Menge,de grote hoeveelheid
mittlerweile,inmiddels
das Stipendium,de studiebeurs
überqueren,oversteken
verzichten auf,afzien van
die Weile,het poosje
winzig,piepklein
de deelnemer,der Teilnehmer
doelbewust,zielstrebig
duren,dauern
eenzaam,einsam
de gegevens,die Daten
het gevoel,das Gefühl
inspannend,anstrengend
jammer,schade
kinderachtig,kindisch
leren (aanleren),lehren
leren (zelf leren),lernen
opgewonden,aufgeregt
relaxed,locker
het verwijt,der Vorwurf
wennen aan,sich gewöhnen an
der Abschnitt,het tekstgedeelte
also,dus
die Angaben,de gegevens
belegen,bewijzen
die Bewertung,de beoordeling
gerade,zojuist
in Bezug auf,met betrekking tot
irgendwie,op de een of andere manier
irgendwo,ergens
kennzeichnen,kenmerken
nicht nur … sondern auch,niet alleen … maar ook
schließen aus,concluderen uit
das Verhältnis,de verhouding
weder … noch,noch … noch
zwar,weliswaar
ansonsten,verder
darstellen,voorstellen
demnächst,binnenkort
demütigen,vernederen
eindeutig,duidelijk
sich einigen,het eens worden
erwägen,overwegen
die Gegend,de omgeving
ausschlaggebend,doorslaggevend
das Mittelalter,de middeleeuwen
nachfolgen,opvolgen
nachschauen,nakijken
neidisch,jaloers
der Sieg,de overwinning
teilweise,gedeeltelijk
trennen,scheiden
unterzeichnen,ondertekenen
die Währung,de valuta
der Abgeordnete,de afgevaardigde
der Anlass,de aanleiding
das Attentat,de aanslag
auslösen,teweegbrengen
darüber hinaus,bovendien
erringen,behalen
der Friedhof,de begraafplaats
das Heer,het leger
tagen,vergaderen
täuschen,misleiden
die Verfassung,de grondwet
die Versammlung,de vergadering
vorhersehen,voorspellen
wachsen,groeien
zerstören,verwoesten
der Zeuge,de getuige
zusichern,toezeggen
der Zweck,het doel
de verzameling,die Sammlung
het kasteel,das Schloss
het paleis,der Palast
het tijdperk,das Zeitalter
de zaal,der Saal
aanraken,anfassen
bezichtigen,besichtigen
de achtergrond,der Hintergrund
de gebeurtenis,das Ereignis
het toneelstuk,das Schauspiel
afwisselend,abwechslungsreich
grandioos,großartig
kleurrijk,bunt
lelijk,hässlich
behoorlijk,ziemlich
absperren,afsluiten
die Auszeichnung,de onderscheiding
die Behörde,de instantie
bewältigen,verwerken
das Denkmal,het monument
das Ereignis,de gebeurtenis
die Genehmigung,de goedkeuring
der Kreis,de kring
das Loch,het gat
das Opfer,het slachtoffer
spalten,splijten
spinnen,gek zijn
stolpern,struikelen
trennen,scheiden
verhaften,arresteren
vielversprechend,veelbelovend
wirtschaftlich,economisch
das Werkzeug,het gereedschap
die Absicht,de bedoeling
der Angriff,de aanval
sich mit auseinandersetzen,behandelen
bilden,vormen
der Enkel,het kleinkind
erzielen,behalen
fraglich,twijfelachtig
das Gesetz,de wet
die Heimat,het vaderland
kämpfen,vechten
der Krieg,de oorlog
der Nachfahre,de afstammeling
schildern,beschrijven
der /das Silvester,oudjaarsdag
das Tor,de poort
Trümmer,puin
das Verbrechen,de misdaad
die Wende,de ommekeer
bekijken,sich anschauen
de kleur,die Farbe
de kunstenaar,der Künstler
de plattegrond,der Übersichtsplan
het portret,das Porträt
de rondleiding,die Führung
de schaduw,der Schatten
de schilder,der Maler
het schilderij,das Gemälde
het standbeeld,die Statue
de stijl,der Stil
de vitrine,der Schaukasten
de voorgrond,der Vordergrund
voorstellen,darstellen
het voorwerp,der Gegenstand
die Art,de soort
behaupten,beweren
bewilligen,toekennen
derzeit,momenteel
erläutern,toelichten
existieren,bestaan
fürsorglich,zorgzaam
das Gedächtnis,het geheugen
hingegen,daarentegen
immerhin,desondanks
die Studie,het onderzoek
treffen,ontmoeten
die Verständigung,het begrip
zufolge,volgens
zutreffend,correct
der Bedarf,de behoefte
die Bedingung,de voorwaarde
beschränken,beperken
einsparen,bezuinigen op
errichten,(op)bouwen
erzeugen,opwekken
geeignet,geschikt
das Geschoss,de verdieping
der Grundriss,de plattegrond
sich leisten,zich verloorloven
sich nähern,naderen
schonen,ontzien
speichern,opslaan
stattfinden,plaats vinden
der Verlust,het verlies
verwenden,gebruiken
die Welle,de golf
der Wettbewerb,de competitie
altern,ouder worden
die Bereicherung,de verrijking
die Fassung,de zelfbeheersing
der Fehler,de fout
fies,gemeen
die Geschichte,het verhaal
irgendwann,ooit
das Jahrzehnt,het decennium
die Krawatte,de stropdas
ohnehin,toch al
das Praktikum,de stage
der Rentner,de gepensioneerde
stur,koppig
tatsächlich,inderdaad
versuchen,proberen
verzerren,vervormen
vorrangig,met prioriteit
die Zeitspanne,de tijdsduur
begeleiden,betreuen
betrokken,engagiert
het bezwaar,der Einwand
de eis,die Forderung
het huishouden,der Haushalt
hulpvaardig,hilfsbereit
de leeftijd,das Alter
de medewerker,der Mitarbeiter
solliciteren naar,sich bewerben um
terneergeslagen,niedergeschlagen
vrijwillig,ehrenamtlich
het welzijn,das Wohlbefinden
werkeloos,arbeitslos
de ziekte,die Krankheit
das Abteil,de treincoupé
außergewöhnlich,buitengewoon
begrenzt,beperkt
bislang,tot nu toe
einzigartig,uniek
entfalten,ontplooien
der Fleiß,de ijver
gewissenhaft,nauwkeurig
der Heranwachsende,de jongvolwassene
herkömmlich,traditioneel
missbilligend,afkeurend
nervig,irritant
die Pünktlichkeit,de stiptheid
quer,dwars
sauber,schoon
die Tugend,de deugd
unverschämt,onbeschoft
zuverlässig,betrouwbaar
anhalten,stoppen
der Brauch,de gewoonte
brutal,wreed
fließend,vloeiend
der Forscher,de onderzoeker
frech,ondeugend
grau,grijs
hauen,slaan
die Herangehensweise,de aanpak
sich herausstellen,blijken
hervorragend,uitstekend
heutzutage,tegenwoordig
das Hirn,de hersenen
die Körpersprache,de lichaamstaal
niemals,nooit
die Sicherheitsvorkehrung,de veiligheidsmaatregel
verklagen,aanklagen
verrückt,gek
de aandacht,die Aufmerksamkeit
achterbaks,hinterhältig
het advies,die Empfehlung
beoordelen,bewerten
downloaden,herunterladen
echter,jedoch
de gebruiker,der Nutzer
de mensen,die Leute
nuttig,nützlich
de pesterij,das Mobbing
de steun,die Unterstützung
toelaten,erlauben
van beroep,beruflich
verstandig,vernünftig
wel degelijk,sehr wohl
die Ausnahme,de uitzondering
beanspruchen,opeisen
beziehen sich auf,betrekking hebben op
nächst,volgend
nur,slechts
offensichtlich,klaarblijkelijk
die Schlussfolgerung,de conclusie
die Schwäche,de zwakte
sicher,veilig
überfordern,te veel eisen van
unterschiedlich,verschillend
veranstalten,organiseren
vereinzelt,hier en daar
verhalten sich zu,staan in relatie tot
wenigstens,tenminste
anfertigen lassen,laten maken
aufregend,spannend
außer,behalve
bedingt,in beperkte mate
erfolgreich,succesvol
erleichtert,opgelucht
erwarten,verwachten
fast,bijna
die Folge,de aflevering
gebürtig,afkomstig uit
gelingen,lukken
die Leidenschaft,de passie
meistern,onder de knie krijgen
nachahmen,namaken
der Proband,de proefpersoon
trocken,droog
der Trumpf,de troef
überflüssig,overbodig
ausstrahlen,uitzenden
bloß,alleen maar
dämlich,suf
drohen,dreigen
erschüttern,verbijsteren
feige,laf
furchtbar,vreselijk
geradewegs,rechtstreeks
das Kleinkind,de peuter
klug,slim
knapp,krap
der Kumpel,de vriend
die Langeweile,de verveling
der Leichtsinn,de lichtzinnigheid
der Moderator,de presentator
ungewiss,onzeker
der Vorsatz,het voornemen
wohlfühlen,op zijn gemak voelen
het amusement,die Unterhaltung
geërgerd,genervt
te gek,krass
gestoord,bescheuert
het mededogen,das Mitleid
het voordeel,der Vorteil
"internet, het",das Netz
kalm,gelassen
onnozel,albern
"onzin, de",der Blödsinn
opkomen voor,sich einsetzen für
relaxed,entspannt
ruzie maken,streiten
"verantwoording, de",die Verantwortung
wanhopig,verzweifelt
ablehnen,afwijzen
benutzen,gebruiken
empfangen,ontvangen
der Entschluss,het besluit
entweder … oder,of … of
fähig,in staat
geradezu,gewoonweg
das Geschäft,"de zaak, bedrijf"
die Klarheit,de duidelijkheid
der Kunde,de klant
leise,zacht
löschen,verwijderen
malen,schilderen
der Schrebergarten,de volkstuin
die Sprache,de taal
sich trauen,durven
widmen,wijden aan
zögern,aarzelen
der Buchstabe,de letter
die Daten,gegevens
entfernen,verwijderen
erstellen,opstellen
fälschen,vervalsen
die Farbe,de kleur
fördern,stimuleren
die Genehmigung,de toestemming
das Handy,het mobieltje
sich herausstellen,blijken
die Quelle,de bron
der Ratschlag,het advies
stimmen,kloppen
tarnen,camoufleren
die Überschrift,de krantenkop
übersetzen,vertalen
die Vokabeln,de woorden
zusätzlich,extra
het bericht,die Nachricht
de computer,der Computer
downloaden,herunterladen
de informatie,die Auskunft
de koptelefoon,der Kopfhörer
het lid,das Mitglied
meedelen,mitteilen
het mobieltje,das Handy
het onderwerp,das Thema
de reclame,die Werbung
sturen,schicken
uitwisselen,austauschen
uploaden,hochladen
het verhaal,die Geschichte
de website,die Webseite
wissen,löschen
der Absatz,de alinea
achten auf,letten op
aufmerksam,aandachtig
begründen,beredeneren
durchaus,volstrekt
etwa,bijvoorbeeld
gewissermaßen,als het ware
häufig,vaak
der Hinweis,de aanwijzing
letzlich,uiteindelijk
das Phänomen,het verschijnsel
die Reihenfolge,de volgorde
zudem,bovendien
zumal,in het bijzonder
zumindest,tenminste
